device,hysteresis_area,lag_corr,instant_corr,memory_index,nonlinearity_rmse,bandwidth_90pct_hz
memristor,-0.004717100877314806,0.8871116351810525,0.8873416070042878,-0.00022997182323525323,0.00011743372511928715,132500.0
mosfet,0.00023138731194194406,0.9906806464437324,0.992965589376089,-0.002284942932356593,7.100987332637047e-05,2836931.9654827598
bjt,8.48587296786718e-06,0.9541111755082708,0.95448359175238,-0.00037241624410910834,0.0003166961804174918,1160000.0
