{
  "baseline_pinn": {
    "mse_mean": 7.903088080259597e-08,
    "mse_std": 2.704508800867613e-08,
    "mse_ci": 3.060439813044992e-08,
    "hf_error_mean": 1.2083708611498878e-07,
    "hf_error_std": 8.013375208346546e-09,
    "speed_mean": 0.19593466519533345,
    "speed_std": 0.006910085960704123,
    "parameters": 8577
  },
  "teacher": {
    "mse_mean": 7.441581336327847e-08,
    "mse_std": 1.619026242391694e-08,
    "mse_ci": 1.832100664265029e-08,
    "hf_error_mean": 1.33230045662458e-07,
    "hf_error_std": 1.1014154790073172e-08,
    "speed_mean": 6.39578866539523,
    "speed_std": 1.142842225367982,
    "parameters": 46409
  },
  "psi_xlstm_clustering": {
    "mse_mean": 7.55300308223165e-08,
    "mse_std": 2.8781544754920622e-08,
    "mse_ci": 3.25693839194155e-08,
    "hf_error_mean": 1.2239264416772736e-07,
    "hf_error_std": 8.395573700079817e-09,
    "speed_mean": 0.8506093327499306,
    "speed_std": 0.0024734733523322943,
    "parameters": 16961
  },
  "psi_xlstm_lowrank": {
    "mse_mean": 1.662358547112793e-07,
    "mse_std": 4.373476362909373e-10,
    "mse_ci": 4.949054400623576e-10,
    "hf_error_mean": 1.4603647002786602e-07,
    "hf_error_std": 0.0,
    "speed_mean": 1.5419919992564246,
    "speed_std": 0.06779045832738849,
    "parameters": 7377
  }
}