{
  "fundamental_hz": 150000.0,
  "thd_ref": 0.4930651072145,
  "thd_pred": 0.4925381636118443,
  "thd_abs_err": 0.0005269436026556495
}